Agriculture and Agri-Food,Agriculture and Agri-Food Department,SO1,575028000
Agriculture and Agri-Food,Agriculture and Agri-Food Department,SO2,14573000
Agriculture and Agri-Food,Agriculture and Agri-Food Department,SO3,7799000
Agriculture and Agri-Food,Agriculture and Agri-Food Department,SO4,122657000
Agriculture and Agri-Food,Agriculture and Agri-Food Department,SO5,4924000
Agriculture and Agri-Food,Agriculture and Agri-Food Department,SO6,19317000
Agriculture and Agri-Food,Agriculture and Agri-Food Department,SO7,41070000
Agriculture and Agri-Food,Agriculture and Agri-Food Department,SO8,6283000
Agriculture and Agri-Food,Agriculture and Agri-Food Department,SO9,37448000
Agriculture and Agri-Food,Agriculture and Agri-Food Department,SO10,1900532000
Agriculture and Agri-Food,Canadian Food Inspection Agency,SO1,575900000
Agriculture and Agri-Food,Canadian Food Inspection Agency,SO2,19746000
Agriculture and Agri-Food,Canadian Food Inspection Agency,SO3,1871000
Agriculture and Agri-Food,Canadian Food Inspection Agency,SO4,75772000
Agriculture and Agri-Food,Canadian Food Inspection Agency,SO5,10073000
Agriculture and Agri-Food,Canadian Food Inspection Agency,SO6,12504000
Agriculture and Agri-Food,Canadian Food Inspection Agency,SO7,18655000
Agriculture and Agri-Food,Canadian Food Inspection Agency,SO9,24115000
Agriculture and Agri-Food,Canadian Food Inspection Agency,SO10,40562000
Agriculture and Agri-Food,Canadian Grain Commission,SO1,63858000
Agriculture and Agri-Food,Canadian Grain Commission,SO2,3798000
Agriculture and Agri-Food,Canadian Grain Commission,SO3,235000
Agriculture and Agri-Food,Canadian Grain Commission,SO4,2669000
Agriculture and Agri-Food,Canadian Grain Commission,SO5,5210000
Agriculture and Agri-Food,Canadian Grain Commission,SO6,1345000
Agriculture and Agri-Food,Canadian Grain Commission,SO7,756000
Agriculture and Agri-Food,Canadian Grain Commission,SO9,4501000
Atlantic Canada Opportunities Agency,Atlantic Canada Opportunities Agency Department,SO1,68347000
Atlantic Canada Opportunities Agency,Atlantic Canada Opportunities Agency Department,SO2,3081000
Atlantic Canada Opportunities Agency,Atlantic Canada Opportunities Agency Department,SO3,360000
Atlantic Canada Opportunities Agency,Atlantic Canada Opportunities Agency Department,SO4,8212000
Atlantic Canada Opportunities Agency,Atlantic Canada Opportunities Agency Department,SO5,2096000
Atlantic Canada Opportunities Agency,Atlantic Canada Opportunities Agency Department,SO6,309000
Atlantic Canada Opportunities Agency,Atlantic Canada Opportunities Agency Department,SO7,325000
Atlantic Canada Opportunities Agency,Atlantic Canada Opportunities Agency Department,SO9,686000
Atlantic Canada Opportunities Agency,Atlantic Canada Opportunities Agency Department,SO10,233185000
Canada Revenue Agency,Canada Revenue Agency,SO1,3347811000
Canada Revenue Agency,Canada Revenue Agency,SO2,124946000
Canada Revenue Agency,Canada Revenue Agency,SO3,8865000
Canada Revenue Agency,Canada Revenue Agency,SO4,348088000
Canada Revenue Agency,Canada Revenue Agency,SO5,307364000
Canada Revenue Agency,Canada Revenue Agency,SO6,77487000
Canada Revenue Agency,Canada Revenue Agency,SO7,24143000
Canada Revenue Agency,Canada Revenue Agency,SO9,32813000
Canada Revenue Agency,Canada Revenue Agency,SO10,374921000
Canadian Heritage,Canadian Heritage Department,SO1,177549000
Canadian Heritage,Canadian Heritage Department,SO2,2815000
Canadian Heritage,Canadian Heritage Department,SO3,8081000
Canadian Heritage,Canadian Heritage Department,SO4,15917000
Canadian Heritage,Canadian Heritage Department,SO5,2335000
Canadian Heritage,Canadian Heritage Department,SO6,940000
Canadian Heritage,Canadian Heritage Department,SO7,1861000
Canadian Heritage,Canadian Heritage Department,SO9,439000
Canadian Heritage,Canadian Heritage Department,SO10,1042867000
Canadian Heritage,Canadian Radio-television and Telecommunications Commission,SO1,45458000
Canadian Heritage,Canadian Radio-television and Telecommunications Commission,SO2,1712000
Canadian Heritage,Canadian Radio-television and Telecommunications Commission,SO3,1033000
Canadian Heritage,Canadian Radio-television and Telecommunications Commission,SO4,5365000
Canadian Heritage,Canadian Radio-television and Telecommunications Commission,SO5,647000
Canadian Heritage,Canadian Radio-television and Telecommunications Commission,SO6,706000
Canadian Heritage,Canadian Radio-television and Telecommunications Commission,SO7,309000
Canadian Heritage,Canadian Radio-television and Telecommunications Commission,SO9,1221000
Canadian Heritage,Library and Archives of Canada,SO1,88727000
Canadian Heritage,Library and Archives of Canada,SO2,860000
Canadian Heritage,Library and Archives of Canada,SO3,166000
Canadian Heritage,Library and Archives of Canada,SO4,6033000
Canadian Heritage,Library and Archives of Canada,SO5,1839000
Canadian Heritage,Library and Archives of Canada,SO6,901000
Canadian Heritage,Library and Archives of Canada,SO7,807000
Canadian Heritage,Library and Archives of Canada,SO8,11926000
Canadian Heritage,Library and Archives of Canada,SO9,7590000
Canadian Heritage,Library and Archives of Canada,SO10,35000
Canadian Heritage,National Battlefields Commission,SO1,4140000
Canadian Heritage,National Battlefields Commission,SO2,127000
Canadian Heritage,National Battlefields Commission,SO3,328000
Canadian Heritage,National Battlefields Commission,SO4,798000
Canadian Heritage,National Battlefields Commission,SO5,75000
Canadian Heritage,National Battlefields Commission,SO6,517000
Canadian Heritage,National Battlefields Commission,SO7,789000
Canadian Heritage,National Battlefields Commission,SO8,143000
Canadian Heritage,National Battlefields Commission,SO9,471000
Canadian Heritage,National Film Board,SO1,41784000
Canadian Heritage,National Film Board,SO2,3242000
Canadian Heritage,National Film Board,SO3,1316000
Canadian Heritage,National Film Board,SO4,12294000
Canadian Heritage,National Film Board,SO5,8657000
Canadian Heritage,National Film Board,SO6,1236000
Canadian Heritage,National Film Board,SO7,879000
Canadian Heritage,National Film Board,SO9,2707000
Canadian Heritage,National Film Board,SO10,192000
Canadian Heritage,Public Service Commission,SO1,91246000
Canadian Heritage,Public Service Commission,SO2,655000
Canadian Heritage,Public Service Commission,SO3,234000
Canadian Heritage,Public Service Commission,SO4,8878000
Canadian Heritage,Public Service Commission,SO5,1969000
Canadian Heritage,Public Service Commission,SO6,102000
Canadian Heritage,Public Service Commission,SO7,336000
Canadian Heritage,Public Service Commission,SO9,427000
Canadian Heritage,Public Service Labour Relations Board,SO1,9117000
Canadian Heritage,Public Service Labour Relations Board,SO2,600000
Canadian Heritage,Public Service Labour Relations Board,SO3,83000
Canadian Heritage,Public Service Labour Relations Board,SO4,2777000
Canadian Heritage,Public Service Labour Relations Board,SO5,561000
Canadian Heritage,Public Service Labour Relations Board,SO6,31000
Canadian Heritage,Public Service Labour Relations Board,SO7,134000
Canadian Heritage,Public Service Labour Relations Board,SO9,475000
Canadian Heritage,Public Service Staffing Tribunal,SO1,4156000
Canadian Heritage,Public Service Staffing Tribunal,SO2,144000
Canadian Heritage,Public Service Staffing Tribunal,SO3,43000
Canadian Heritage,Public Service Staffing Tribunal,SO4,568000
Canadian Heritage,Public Service Staffing Tribunal,SO5,179000
Canadian Heritage,Public Service Staffing Tribunal,SO6,1000
Canadian Heritage,Public Service Staffing Tribunal,SO7,14000
Canadian Heritage,Public Service Staffing Tribunal,SO9,5000
Canadian Heritage,Registry of the Public Servants Disclosure Protection Tribunal,SO1,1153000
Canadian Heritage,Registry of the Public Servants Disclosure Protection Tribunal,SO2,20000
Canadian Heritage,Registry of the Public Servants Disclosure Protection Tribunal,SO3,5000
Canadian Heritage,Registry of the Public Servants Disclosure Protection Tribunal,SO4,264000
Canadian Heritage,Registry of the Public Servants Disclosure Protection Tribunal,SO5,90000
Canadian Heritage,Registry of the Public Servants Disclosure Protection Tribunal,SO6,53000
Canadian Heritage,Registry of the Public Servants Disclosure Protection Tribunal,SO7,32000
Canadian Heritage,Registry of the Public Servants Disclosure Protection Tribunal,SO9,43000
Citizenship and Immigration,Citizenship and Immigration Department,SO1,409245000
Citizenship and Immigration,Citizenship and Immigration Department,SO2,18544000
Citizenship and Immigration,Citizenship and Immigration Department,SO3,7354000
Citizenship and Immigration,Citizenship and Immigration Department,SO4,111446000
Citizenship and Immigration,Citizenship and Immigration Department,SO5,9922000
Citizenship and Immigration,Citizenship and Immigration Department,SO6,2869000
Citizenship and Immigration,Citizenship and Immigration Department,SO7,6235000
Citizenship and Immigration,Citizenship and Immigration Department,SO9,8484000
Citizenship and Immigration,Citizenship and Immigration Department,SO10,933202000
Citizenship and Immigration,Immigration and Refugee Board,SO1,101558000
Citizenship and Immigration,Immigration and Refugee Board,SO2,3160000
Citizenship and Immigration,Immigration and Refugee Board,SO3,565000
Citizenship and Immigration,Immigration and Refugee Board,SO4,19758000
Citizenship and Immigration,Immigration and Refugee Board,SO5,1471000
Citizenship and Immigration,Immigration and Refugee Board,SO6,3846000
Citizenship and Immigration,Immigration and Refugee Board,SO7,657000
Citizenship and Immigration,Immigration and Refugee Board,SO9,3000000
Economic Development Agency of Canada for the Regions of Quebec,Economic Development Agency of Canada for the Regions of Quebec,SO1,41954000
Economic Development Agency of Canada for the Regions of Quebec,Economic Development Agency of Canada for the Regions of Quebec,SO2,705000
Economic Development Agency of Canada for the Regions of Quebec,Economic Development Agency of Canada for the Regions of Quebec,SO3,330000
Economic Development Agency of Canada for the Regions of Quebec,Economic Development Agency of Canada for the Regions of Quebec,SO4,4478000
Economic Development Agency of Canada for the Regions of Quebec,Economic Development Agency of Canada for the Regions of Quebec,SO5,619000
Economic Development Agency of Canada for the Regions of Quebec,Economic Development Agency of Canada for the Regions of Quebec,SO6,35000
Economic Development Agency of Canada for the Regions of Quebec,Economic Development Agency of Canada for the Regions of Quebec,SO7,162000
Economic Development Agency of Canada for the Regions of Quebec,Economic Development Agency of Canada for the Regions of Quebec,SO9,596000
Economic Development Agency of Canada for the Regions of Quebec,Economic Development Agency of Canada for the Regions of Quebec,SO10,247509000
Environment,Environment Department,SO1,625695000
Environment,Environment Department,SO2,36625000
Environment,Environment Department,SO3,3849000
Environment,Environment Department,SO4,122307000
Environment,Environment Department,SO5,24322000
Environment,Environment Department,SO6,18574000
Environment,Environment Department,SO7,37953000
Environment,Environment Department,SO8,1522000
Environment,Environment Department,SO9,48732000
Environment,Environment Department,SO10,127684000
Environment,Canadian Environmental Assessment Agency,SO1,21298000
Environment,Canadian Environmental Assessment Agency,SO2,1271000
Environment,Canadian Environmental Assessment Agency,SO3,324000
Environment,Canadian Environmental Assessment Agency,SO4,4733000
Environment,Canadian Environmental Assessment Agency,SO5,316000
Environment,Canadian Environmental Assessment Agency,SO6,3000
Environment,Canadian Environmental Assessment Agency,SO7,154000
Environment,Canadian Environmental Assessment Agency,SO9,414000
Environment,Canadian Environmental Assessment Agency,SO10,2239000
Environment,National Round Table on the Environment and the Economy,SO1,4850000
Environment,National Round Table on the Environment and the Economy,SO2,93000
Environment,National Round Table on the Environment and the Economy,SO3,92000
Environment,National Round Table on the Environment and the Economy,SO4,368000
Environment,National Round Table on the Environment and the Economy,SO5,21000
Environment,National Round Table on the Environment and the Economy,SO6,1000
Environment,National Round Table on the Environment and the Economy,SO7,5000
Environment,National Round Table on the Environment and the Economy,SO9,3000
Environment,Parks Canada Agency,SO1,387926000
Environment,Parks Canada Agency,SO2,12719000
Environment,Parks Canada Agency,SO3,8844000
Environment,Parks Canada Agency,SO4,68780000
Environment,Parks Canada Agency,SO5,14390000
Environment,Parks Canada Agency,SO6,52377000
Environment,Parks Canada Agency,SO7,36442000
Environment,Parks Canada Agency,SO8,2351000
Environment,Parks Canada Agency,SO9,15475000
Environment,Parks Canada Agency,SO10,13737000
Finance,Finance Department,SO1,92443000
Finance,Finance Department,SO2,2780000
Finance,Finance Department,SO3,16069000
Finance,Finance Department,SO4,16819000
Finance,Finance Department,SO5,1900000
Finance,Finance Department,SO6,45000
Finance,Finance Department,SO7,131599000
Finance,Finance Department,SO9,1059000
Finance,Finance Department,SO10,57358967000
Finance,Finance Department,SO11,25982207000
Finance,Auditor General,SO1,77308000
Finance,Auditor General,SO2,3749000
Finance,Auditor General,SO3,622000
Finance,Auditor General,SO4,4949000
Finance,Auditor General,SO5,1075000
Finance,Auditor General,SO6,189000
Finance,Auditor General,SO7,322000
Finance,Auditor General,SO9,814000
Finance,Canadian International Trade Tribunal,SO1,8701000
Finance,Canadian International Trade Tribunal,SO2,204000
Finance,Canadian International Trade Tribunal,SO3,33000
Finance,Canadian International Trade Tribunal,SO4,554000
Finance,Canadian International Trade Tribunal,SO5,124000
Finance,Canadian International Trade Tribunal,SO6,1122000
Finance,Canadian International Trade Tribunal,SO7,74000
Finance,Canadian International Trade Tribunal,SO9,691000
Finance,Financial Consumer Agency of Canada,SO1,7750000
Finance,Financial Consumer Agency of Canada,SO2,400000
Finance,Financial Consumer Agency of Canada,SO3,364000
Finance,Financial Consumer Agency of Canada,SO4,3184000
Finance,Financial Consumer Agency of Canada,SO5,874000
Finance,Financial Consumer Agency of Canada,SO6,1000
Finance,Financial Consumer Agency of Canada,SO7,56000
Finance,Financial Consumer Agency of Canada,SO9,203000
Finance,Financial Transactions and Reports Analysis Centre of Canada,SO1,37838000
Finance,Financial Transactions and Reports Analysis Centre of Canada,SO2,1139000
Finance,Financial Transactions and Reports Analysis Centre of Canada,SO3,185000
Finance,Financial Transactions and Reports Analysis Centre of Canada,SO4,4165000
Finance,Financial Transactions and Reports Analysis Centre of Canada,SO5,6246000
Finance,Financial Transactions and Reports Analysis Centre of Canada,SO6,1682000
Finance,Financial Transactions and Reports Analysis Centre of Canada,SO7,452000
Finance,Financial Transactions and Reports Analysis Centre of Canada,SO9,1985000
Finance,Office of the Superintendent of Financial Institutions,SO1,94657000
Finance,Office of the Superintendent of Financial Institutions,SO2,4365000
Finance,Office of the Superintendent of Financial Institutions,SO3,1052000
Finance,Office of the Superintendent of Financial Institutions,SO4,12461000
Finance,Office of the Superintendent of Financial Institutions,SO5,9070000
Finance,Office of the Superintendent of Financial Institutions,SO6,352000
Finance,Office of the Superintendent of Financial Institutions,SO7,455000
Finance,Office of the Superintendent of Financial Institutions,SO8,1558000
Finance,Office of the Superintendent of Financial Institutions,SO9,7625000
Fisheries and Oceans,Fisheries and Oceans,SO1,987298000
Fisheries and Oceans,Fisheries and Oceans,SO2,58867000
Fisheries and Oceans,Fisheries and Oceans,SO3,2326000
Fisheries and Oceans,Fisheries and Oceans,SO4,213341000
Fisheries and Oceans,Fisheries and Oceans,SO5,16286000
Fisheries and Oceans,Fisheries and Oceans,SO6,159674000
Fisheries and Oceans,Fisheries and Oceans,SO7,102527000
Fisheries and Oceans,Fisheries and Oceans,SO8,19742000
Fisheries and Oceans,Fisheries and Oceans,SO9,151851000
Fisheries and Oceans,Fisheries and Oceans,SO10,88186000
Foreign Affairs and International Trade,Foreign Affairs and International Trade Department,SO1,1114315000
Foreign Affairs and International Trade,Foreign Affairs and International Trade Department,SO2,143792000
Foreign Affairs and International Trade,Foreign Affairs and International Trade Department,SO3,12791000
Foreign Affairs and International Trade,Foreign Affairs and International Trade Department,SO4,267665000
Foreign Affairs and International Trade,Foreign Affairs and International Trade Department,SO5,200677000
Foreign Affairs and International Trade,Foreign Affairs and International Trade Department,SO6,31955000
Foreign Affairs and International Trade,Foreign Affairs and International Trade Department,SO7,77241000
Foreign Affairs and International Trade,Foreign Affairs and International Trade Department,SO8,174610000
Foreign Affairs and International Trade,Foreign Affairs and International Trade Department,SO9,50479000
Foreign Affairs and International Trade,Foreign Affairs and International Trade Department,SO10,672515000
Foreign Affairs and International Trade,Canadian International Development Agency,SO1,192093000
Foreign Affairs and International Trade,Canadian International Development Agency,SO2,6973000
Foreign Affairs and International Trade,Canadian International Development Agency,SO3,71000
Foreign Affairs and International Trade,Canadian International Development Agency,SO4,15081000
Foreign Affairs and International Trade,Canadian International Development Agency,SO5,2368000
Foreign Affairs and International Trade,Canadian International Development Agency,SO6,2935000
Foreign Affairs and International Trade,Canadian International Development Agency,SO7,861000
Foreign Affairs and International Trade,Canadian International Development Agency,SO9,546000
Foreign Affairs and International Trade,Canadian International Development Agency,SO10,3132702000
Foreign Affairs and International Trade,Export Development Canada (Canada Account),SO4,6320000
Foreign Affairs and International Trade,Export Development Canada (Canada Account),SO10,224761000
Foreign Affairs and International Trade,International Joint Commission (Canadian Section),SO1,3740000
Foreign Affairs and International Trade,International Joint Commission (Canadian Section),SO2,512000
Foreign Affairs and International Trade,International Joint Commission (Canadian Section),SO3,23000
Foreign Affairs and International Trade,International Joint Commission (Canadian Section),SO4,1545000
Foreign Affairs and International Trade,International Joint Commission (Canadian Section),SO5,403000
Foreign Affairs and International Trade,International Joint Commission (Canadian Section),SO6,19000
Foreign Affairs and International Trade,International Joint Commission (Canadian Section),SO7,42000
Foreign Affairs and International Trade,International Joint Commission (Canadian Section),SO9,174000
Governor General,Governor General,SO1,15007000
Governor General,Governor General,SO2,1079000
Governor General,Governor General,SO3,398000
Governor General,Governor General,SO4,1782000
Governor General,Governor General,SO5,358000
Governor General,Governor General,SO6,30000
Governor General,Governor General,SO7,747000
Governor General,Governor General,SO9,755000
Governor General,Governor General,SO10,537000
Health,Health Department,SO1,994098000
Health,Health Department,SO2,231564000
Health,Health Department,SO3,18177000
Health,Health Department,SO4,492558000
Health,Health Department,SO5,19613000
Health,Health Department,SO6,25778000
Health,Health Department,SO7,458935000
Health,Health Department,SO8,9124000
Health,Health Department,SO9,43123000
Health,Health Department,SO10,1632903000
Health,Assisted Human Reproduction Agency of Canada,SO1,896000
Health,Assisted Human Reproduction Agency of Canada,SO2,98000
Health,Assisted Human Reproduction Agency of Canada,SO3,14000
Health,Assisted Human Reproduction Agency of Canada,SO4,457000
Health,Assisted Human Reproduction Agency of Canada,SO5,12000
Health,Assisted Human Reproduction Agency of Canada,SO7,6000
Health,Canadian Institutes of Health Research,SO1,44924000
Health,Canadian Institutes of Health Research,SO2,3797000
Health,Canadian Institutes of Health Research,SO3,1117000
Health,Canadian Institutes of Health Research,SO4,3618000
Health,Canadian Institutes of Health Research,SO5,1009000
Health,Canadian Institutes of Health Research,SO6,112000
Health,Canadian Institutes of Health Research,SO7,306000
Health,Canadian Institutes of Health Research,SO9,956000
Health,Canadian Institutes of Health Research,SO10,940773000
Health,Canadian Northern Economic Development Agency,SO1,9557000
Health,Canadian Northern Economic Development Agency,SO2,1250000
Health,Canadian Northern Economic Development Agency,SO3,86000
Health,Canadian Northern Economic Development Agency,SO4,1757000
Health,Canadian Northern Economic Development Agency,SO5,1148000
Health,Canadian Northern Economic Development Agency,SO6,1000
Health,Canadian Northern Economic Development Agency,SO7,158000
Health,Canadian Northern Economic Development Agency,SO9,62000
Health,Canadian Northern Economic Development Agency,SO10,38366000
Health,Hazardous Materials Information Review Commission,SO1,4139000
Health,Hazardous Materials Information Review Commission,SO2,58000
Health,Hazardous Materials Information Review Commission,SO3,23000
Health,Hazardous Materials Information Review Commission,SO4,552000
Health,Hazardous Materials Information Review Commission,SO5,16000
Health,Hazardous Materials Information Review Commission,SO6,3000
Health,Hazardous Materials Information Review Commission,SO7,87000
Health,Hazardous Materials Information Review Commission,SO9,7000
Health,Patented Medicine Prices Review Board,SO1,6579000
Health,Patented Medicine Prices Review Board,SO2,159000
Health,Patented Medicine Prices Review Board,SO3,48000
Health,Patented Medicine Prices Review Board,SO4,856000
Health,Patented Medicine Prices Review Board,SO5,116000
Health,Patented Medicine Prices Review Board,SO6,16000
Health,Patented Medicine Prices Review Board,SO7,175000
Health,Patented Medicine Prices Review Board,SO9,106000
Health,Public Health Agency of Canada,SO1,240626000
Health,Public Health Agency of Canada,SO2,8673000
Health,Public Health Agency of Canada,SO3,12881000
Health,Public Health Agency of Canada,SO4,99721000
Health,Public Health Agency of Canada,SO5,4954000
Health,Public Health Agency of Canada,SO6,4778000
Health,Public Health Agency of Canada,SO7,25668000
Health,Public Health Agency of Canada,SO8,6837000
Health,Public Health Agency of Canada,SO9,12394000
Health,Public Health Agency of Canada,SO10,201062000
Human Resources and Skills Development,Human Resources and Skills Development Department,SO1,1944508000
Human Resources and Skills Development,Human Resources and Skills Development Department,SO2,67013000
Human Resources and Skills Development,Human Resources and Skills Development Department,SO3,67810000
Human Resources and Skills Development,Human Resources and Skills Development Department,SO4,640728000
Human Resources and Skills Development,Human Resources and Skills Development Department,SO5,241266000
Human Resources and Skills Development,Human Resources and Skills Development Department,SO6,7942000
Human Resources and Skills Development,Human Resources and Skills Development Department,SO7,8919000
Human Resources and Skills Development,Human Resources and Skills Development Department,SO9,19495000
Human Resources and Skills Development,Human Resources and Skills Development Department,SO10,47169332000
Human Resources and Skills Development,Canada Industrial Relations Board,SO1,10340000
Human Resources and Skills Development,Canada Industrial Relations Board,SO2,704000
Human Resources and Skills Development,Canada Industrial Relations Board,SO3,31000
Human Resources and Skills Development,Canada Industrial Relations Board,SO4,755000
Human Resources and Skills Development,Canada Industrial Relations Board,SO5,172000
Human Resources and Skills Development,Canada Industrial Relations Board,SO6,95000
Human Resources and Skills Development,Canada Industrial Relations Board,SO7,166000
Human Resources and Skills Development,Canada Industrial Relations Board,SO9,455000
Human Resources and Skills Development,Canadian Artists and Producers Professional Relations Tribunal,SO1,1002000
Human Resources and Skills Development,Canadian Artists and Producers Professional Relations Tribunal,SO2,39000
Human Resources and Skills Development,Canadian Artists and Producers Professional Relations Tribunal,SO3,12000
Human Resources and Skills Development,Canadian Artists and Producers Professional Relations Tribunal,SO4,159000
Human Resources and Skills Development,Canadian Artists and Producers Professional Relations Tribunal,SO5,11000
Human Resources and Skills Development,Canadian Artists and Producers Professional Relations Tribunal,SO6,1000
Human Resources and Skills Development,Canadian Artists and Producers Professional Relations Tribunal,SO7,12000
Human Resources and Skills Development,Canadian Centre for Occupational Health and Safety,SO1,8022000
Human Resources and Skills Development,Canadian Centre for Occupational Health and Safety,SO2,139000
Human Resources and Skills Development,Canadian Centre for Occupational Health and Safety,SO3,72000
Human Resources and Skills Development,Canadian Centre for Occupational Health and Safety,SO4,966000
Human Resources and Skills Development,Canadian Centre for Occupational Health and Safety,SO5,49000
Human Resources and Skills Development,Canadian Centre for Occupational Health and Safety,SO6,110000
Human Resources and Skills Development,Canadian Centre for Occupational Health and Safety,SO7,42000
Human Resources and Skills Development,Canadian Centre for Occupational Health and Safety,SO9,87000
Human Resources and Skills Development,"Office of the Co-ordinator; Status of Women",SO1,9262000
Human Resources and Skills Development,"Office of the Co-ordinator; Status of Women",SO2,391000
Human Resources and Skills Development,"Office of the Co-ordinator; Status of Women",SO3,298000
Human Resources and Skills Development,"Office of the Co-ordinator; Status of Women",SO4,612000
Human Resources and Skills Development,"Office of the Co-ordinator; Status of Women",SO5,125000
Human Resources and Skills Development,"Office of the Co-ordinator; Status of Women",SO6,9000
Human Resources and Skills Development,"Office of the Co-ordinator; Status of Women",SO7,30000
Human Resources and Skills Development,"Office of the Co-ordinator; Status of Women",SO9,113000
Human Resources and Skills Development,"Office of the Co-ordinator; Status of Women",SO10,18887000
Indian Affairs and Northern Development,Indian Affairs and Northern Development Department,SO1,506595000
Indian Affairs and Northern Development,Indian Affairs and Northern Development Department,SO2,31138000
Indian Affairs and Northern Development,Indian Affairs and Northern Development Department,SO3,14451000
Indian Affairs and Northern Development,Indian Affairs and Northern Development Department,SO4,291192000
Indian Affairs and Northern Development,Indian Affairs and Northern Development Department,SO5,13675000
Indian Affairs and Northern Development,Indian Affairs and Northern Development Department,SO6,2581000
Indian Affairs and Northern Development,Indian Affairs and Northern Development Department,SO7,6253000
Indian Affairs and Northern Development,Indian Affairs and Northern Development Department,SO8,5503000
Indian Affairs and Northern Development,Indian Affairs and Northern Development Department,SO9,10244000
Indian Affairs and Northern Development,Indian Affairs and Northern Development Department,SO10,6729717000
Indian Affairs and Northern Development,Canadian Polar Commission,SO1,763000
Indian Affairs and Northern Development,Canadian Polar Commission,SO2,191000
Indian Affairs and Northern Development,Canadian Polar Commission,SO3,35000
Indian Affairs and Northern Development,Canadian Polar Commission,SO4,164000
Indian Affairs and Northern Development,Canadian Polar Commission,SO5,132000
Indian Affairs and Northern Development,Canadian Polar Commission,SO7,10000
Indian Affairs and Northern Development,Canadian Polar Commission,SO9,13000
Indian Affairs and Northern Development,Canadian Polar Commission,SO10,10000
Indian Affairs and Northern Development,Indian Residential Schools Truth and Reconciliation Commission,SO1,4898000
Indian Affairs and Northern Development,Indian Residential Schools Truth and Reconciliation Commission,SO2,995000
Indian Affairs and Northern Development,Indian Residential Schools Truth and Reconciliation Commission,SO3,1945000
Indian Affairs and Northern Development,Indian Residential Schools Truth and Reconciliation Commission,SO4,3053000
Indian Affairs and Northern Development,Indian Residential Schools Truth and Reconciliation Commission,SO5,850000
Indian Affairs and Northern Development,Indian Residential Schools Truth and Reconciliation Commission,SO6,1000
Indian Affairs and Northern Development,Indian Residential Schools Truth and Reconciliation Commission,SO7,26000
Indian Affairs and Northern Development,Indian Residential Schools Truth and Reconciliation Commission,SO9,41000
Indian Affairs and Northern Development,Registry of the Specific Claims Tribunal,SO1,1001000
Indian Affairs and Northern Development,Registry of the Specific Claims Tribunal,SO2,296000
Indian Affairs and Northern Development,Registry of the Specific Claims Tribunal,SO3,16000
Indian Affairs and Northern Development,Registry of the Specific Claims Tribunal,SO4,275000
Indian Affairs and Northern Development,Registry of the Specific Claims Tribunal,SO5,424000
Indian Affairs and Northern Development,Registry of the Specific Claims Tribunal,SO6,13000
Indian Affairs and Northern Development,Registry of the Specific Claims Tribunal,SO7,16000
Indian Affairs and Northern Development,Registry of the Specific Claims Tribunal,SO8,17000
Indian Affairs and Northern Development,Registry of the Specific Claims Tribunal,SO9,80000
Industry,Industry Department,SO1,513170000
Industry,Industry Department,SO2,12411000
Industry,Industry Department,SO3,3463000
Industry,Industry Department,SO4,92826000
Industry,Industry Department,SO5,12988000
Industry,Industry Department,SO6,5738000
Industry,Industry Department,SO7,5896000
Industry,Industry Department,SO8,314000
Industry,Industry Department,SO9,16443000
Industry,Industry Department,SO10,881986000
Industry,Canadian Space Agency,SO1,78523000
Industry,Canadian Space Agency,SO2,4518000
Industry,Canadian Space Agency,SO3,1938000
Industry,Canadian Space Agency,SO4,115249000
Industry,Canadian Space Agency,SO5,4109000
Industry,Canadian Space Agency,SO6,3062000
Industry,Canadian Space Agency,SO7,3444000
Industry,Canadian Space Agency,SO9,75385000
Industry,Canadian Space Agency,SO10,30669000
Industry,Copyright Board,SO1,1755000
Industry,Copyright Board,SO2,166000
Industry,Copyright Board,SO3,116000
Industry,Copyright Board,SO4,355000
Industry,Copyright Board,SO5,72000
Industry,Copyright Board,SO6,2000
Industry,Copyright Board,SO7,37000
Industry,Copyright Board,SO9,6000
Industry,Federal Economic Development Agency for Southern Ontario,SO1,22107000
Industry,Federal Economic Development Agency for Southern Ontario,SO2,1368000
Industry,Federal Economic Development Agency for Southern Ontario,SO3,311000
Industry,Federal Economic Development Agency for Southern Ontario,SO4,3399000
Industry,Federal Economic Development Agency for Southern Ontario,SO5,2024000
Industry,Federal Economic Development Agency for Southern Ontario,SO6,21000
Industry,Federal Economic Development Agency for Southern Ontario,SO7,125000
Industry,Federal Economic Development Agency for Southern Ontario,SO8,109000
Industry,Federal Economic Development Agency for Southern Ontario,SO9,599000
Industry,Federal Economic Development Agency for Southern Ontario,SO10,212041000
Industry,National Research Council of Canada,SO1,401848000
Industry,National Research Council of Canada,SO2,13031000
Industry,National Research Council of Canada,SO3,1813000
Industry,National Research Council of Canada,SO4,33664000
Industry,National Research Council of Canada,SO5,4372000
Industry,National Research Council of Canada,SO6,19711000
Industry,National Research Council of Canada,SO7,46174000
Industry,National Research Council of Canada,SO8,21953000
Industry,National Research Council of Canada,SO9,42025000
Industry,National Research Council of Canada,SO10,253240000
Industry,Natural Sciences and Engineering Research Council,SO1,40672000
Industry,Natural Sciences and Engineering Research Council,SO2,3155000
Industry,Natural Sciences and Engineering Research Council,SO3,575000
Industry,Natural Sciences and Engineering Research Council,SO4,4177000
Industry,Natural Sciences and Engineering Research Council,SO5,948000
Industry,Natural Sciences and Engineering Research Council,SO6,581000
Industry,Natural Sciences and Engineering Research Council,SO7,281000
Industry,Natural Sciences and Engineering Research Council,SO9,2850000
Industry,Natural Sciences and Engineering Research Council,SO10,1022729000
Industry,Registry of the Competition Tribunal,SO1,1065000
Industry,Registry of the Competition Tribunal,SO2,183000
Industry,Registry of the Competition Tribunal,SO3,41000
Industry,Registry of the Competition Tribunal,SO4,337000
Industry,Registry of the Competition Tribunal,SO5,10000
Industry,Registry of the Competition Tribunal,SO6,1000
Industry,Registry of the Competition Tribunal,SO7,46000
Industry,Registry of the Competition Tribunal,SO9,54000
Industry,Social Sciences and Humanities Research Council,SO1,21837000
Industry,Social Sciences and Humanities Research Council,SO2,1144000
Industry,Social Sciences and Humanities Research Council,SO3,366000
Industry,Social Sciences and Humanities Research Council,SO4,2346000
Industry,Social Sciences and Humanities Research Council,SO5,492000
Industry,Social Sciences and Humanities Research Council,SO6,255000
Industry,Social Sciences and Humanities Research Council,SO7,82000
Industry,Social Sciences and Humanities Research Council,SO9,1260000
Industry,Social Sciences and Humanities Research Council,SO10,668651000
Industry,Statistics Canada,SO1,556301000
Industry,Statistics Canada,SO2,14384000
Industry,Statistics Canada,SO3,604000
Industry,Statistics Canada,SO4,17139000
Industry,Statistics Canada,SO5,12587000
Industry,Statistics Canada,SO6,1047000
Industry,Statistics Canada,SO7,4998000
Industry,Statistics Canada,SO9,3946000
Justice,Justice Department,SO1,569597000
Justice,Justice Department,SO2,9958000
Justice,Justice Department,SO3,3091000
Justice,Justice Department,SO4,37816000
Justice,Justice Department,SO5,6161000
Justice,Justice Department,SO6,4374000
Justice,Justice Department,SO7,4366000
Justice,Justice Department,SO9,8194000
Justice,Justice Department,SO10,384330000
Justice,Canadian Human Rights Commission,SO1,20979000
Justice,Canadian Human Rights Commission,SO2,908000
Justice,Canadian Human Rights Commission,SO3,289000
Justice,Canadian Human Rights Commission,SO4,2216000
Justice,Canadian Human Rights Commission,SO5,204000
Justice,Canadian Human Rights Commission,SO6,35000
Justice,Canadian Human Rights Commission,SO7,143000
Justice,Canadian Human Rights Commission,SO8,6000
Justice,Canadian Human Rights Commission,SO9,635000
Justice,Canadian Human Rights Tribunal,SO1,2609000
Justice,Canadian Human Rights Tribunal,SO2,218000
Justice,Canadian Human Rights Tribunal,SO3,61000
Justice,Canadian Human Rights Tribunal,SO4,1203000
Justice,Canadian Human Rights Tribunal,SO5,57000
Justice,Canadian Human Rights Tribunal,SO6,31000
Justice,Canadian Human Rights Tribunal,SO7,21000
Justice,Canadian Human Rights Tribunal,SO9,20000
Justice,Commissioner for Federal Judicial Affairs,SO1,444739000
Justice,Commissioner for Federal Judicial Affairs,SO2,29478000
Justice,Commissioner for Federal Judicial Affairs,SO3,72000
Justice,Commissioner for Federal Judicial Affairs,SO4,4922000
Justice,Commissioner for Federal Judicial Affairs,SO5,187000
Justice,Commissioner for Federal Judicial Affairs,SO6,129000
Justice,Commissioner for Federal Judicial Affairs,SO7,119000
Justice,Commissioner for Federal Judicial Affairs,SO9,347000
Justice,Courts Administration Service,SO1,49618000
Justice,Courts Administration Service,SO2,2434000
Justice,Courts Administration Service,SO3,417000
Justice,Courts Administration Service,SO4,8244000
Justice,Courts Administration Service,SO5,1405000
Justice,Courts Administration Service,SO6,245000
Justice,Courts Administration Service,SO7,1753000
Justice,Courts Administration Service,SO8,1144000
Justice,Courts Administration Service,SO9,343000
Justice,Office of the Director of Public Prosecutions,SO1,112183000
Justice,Office of the Director of Public Prosecutions,SO2,7214000
Justice,Office of the Director of Public Prosecutions,SO3,746000
Justice,Office of the Director of Public Prosecutions,SO4,41915000
Justice,Office of the Director of Public Prosecutions,SO5,1415000
Justice,Office of the Director of Public Prosecutions,SO6,2431000
Justice,Office of the Director of Public Prosecutions,SO7,1517000
Justice,Office of the Director of Public Prosecutions,SO9,2250000
Justice,Offices of the Information and Privacy Commissioners of Canada,SO1,27904000
Justice,Offices of the Information and Privacy Commissioners of Canada,SO2,879000
Justice,Offices of the Information and Privacy Commissioners of Canada,SO3,556000
Justice,Offices of the Information and Privacy Commissioners of Canada,SO4,5741000
Justice,Offices of the Information and Privacy Commissioners of Canada,SO5,729000
Justice,Offices of the Information and Privacy Commissioners of Canada,SO6,148000
Justice,Offices of the Information and Privacy Commissioners of Canada,SO7,284000
Justice,Offices of the Information and Privacy Commissioners of Canada,SO9,1088000
Justice,Offices of the Information and Privacy Commissioners of Canada,SO10,500000
Justice,Supreme Court of Canada,SO1,25334000
Justice,Supreme Court of Canada,SO2,1176000
Justice,Supreme Court of Canada,SO3,153000
Justice,Supreme Court of Canada,SO4,1632000
Justice,Supreme Court of Canada,SO5,647000
Justice,Supreme Court of Canada,SO6,209000
Justice,Supreme Court of Canada,SO7,1211000
Justice,Supreme Court of Canada,SO9,528000
National Defence,National Defence Department,SO1,10438096000
National Defence,National Defence Department,SO2,768058000
National Defence,National Defence Department,SO3,13666000
National Defence,National Defence Department,SO4,2982038000
National Defence,National Defence Department,SO5,383972000
National Defence,National Defence Department,SO6,1465091000
National Defence,National Defence Department,SO7,1017831000
National Defence,National Defence Department,SO8,500631000
National Defence,National Defence Department,SO9,2434609000
National Defence,National Defence Department,SO10,181705000
National Defence,Canadian Forces Grievance Board,SO1,4071000
National Defence,Canadian Forces Grievance Board,SO2,85000
National Defence,Canadian Forces Grievance Board,SO3,56000
National Defence,Canadian Forces Grievance Board,SO4,794000
National Defence,Canadian Forces Grievance Board,SO5,605000
National Defence,Canadian Forces Grievance Board,SO6,23000
National Defence,Canadian Forces Grievance Board,SO7,16000
National Defence,Canadian Forces Grievance Board,SO9,199000
National Defence,Communications Security Establishment,SO1,227552000
National Defence,Military Police Complaints Commission,SO1,2222000
National Defence,Military Police Complaints Commission,SO2,250000
National Defence,Military Police Complaints Commission,SO3,24000
National Defence,Military Police Complaints Commission,SO4,2224000
National Defence,Military Police Complaints Commission,SO5,425000
National Defence,Military Police Complaints Commission,SO6,2000
National Defence,Military Police Complaints Commission,SO7,59000
National Defence,Military Police Complaints Commission,SO9,50000
National Defence,Office of the Communications Security Establishment Commissioner,SO1,908000
National Defence,Office of the Communications Security Establishment Commissioner,SO2,16000
National Defence,Office of the Communications Security Establishment Commissioner,SO3,59000
National Defence,Office of the Communications Security Establishment Commissioner,SO4,305000
National Defence,Office of the Communications Security Establishment Commissioner,SO5,218000
National Defence,Office of the Communications Security Establishment Commissioner,SO6,2000
National Defence,Office of the Communications Security Establishment Commissioner,SO7,10000
National Defence,Office of the Communications Security Establishment Commissioner,SO8,736000
National Defence,Office of the Communications Security Establishment Commissioner,SO9,32000
Natural Resources,Natural Resources Department,SO1,456773000
Natural Resources,Natural Resources Department,SO2,16978000
Natural Resources,Natural Resources Department,SO3,14171000
Natural Resources,Natural Resources Department,SO4,268026000
Natural Resources,Natural Resources Department,SO5,18887000
Natural Resources,Natural Resources Department,SO6,4985000
Natural Resources,Natural Resources Department,SO7,26128000
Natural Resources,Natural Resources Department,SO8,9418000
Natural Resources,Natural Resources Department,SO9,30542000
Natural Resources,Natural Resources Department,SO10,1108421000
Natural Resources,Canadian Nuclear Safety Commission,SO1,104384000
Natural Resources,Canadian Nuclear Safety Commission,SO2,4761000
Natural Resources,Canadian Nuclear Safety Commission,SO3,1111000
Natural Resources,Canadian Nuclear Safety Commission,SO4,17431000
Natural Resources,Canadian Nuclear Safety Commission,SO5,4240000
Natural Resources,Canadian Nuclear Safety Commission,SO6,2098000
Natural Resources,Canadian Nuclear Safety Commission,SO7,803000
Natural Resources,Canadian Nuclear Safety Commission,SO9,3418000
Natural Resources,Canadian Nuclear Safety Commission,SO10,1452000
Natural Resources,National Energy Board,SO1,52796000
Natural Resources,National Energy Board,SO2,3907000
Natural Resources,National Energy Board,SO3,891000
Natural Resources,National Energy Board,SO4,8205000
Natural Resources,National Energy Board,SO5,672000
Natural Resources,National Energy Board,SO6,660000
Natural Resources,National Energy Board,SO7,493000
Natural Resources,National Energy Board,SO9,1778000
Natural Resources,National Energy Board,SO10,123000
Natural Resources,Northern Pipeline Agency,SO1,1332000
Natural Resources,Northern Pipeline Agency,SO2,68000
Natural Resources,Northern Pipeline Agency,SO3,1000
Natural Resources,Northern Pipeline Agency,SO4,349000
Natural Resources,Northern Pipeline Agency,SO5,17000
Natural Resources,Northern Pipeline Agency,SO7,7000
Natural Resources,Northern Pipeline Agency,SO9,10000
Natural Resources,Northern Pipeline Agency,SO10,136000
Parliament,The Senate,SO1,70398000
Parliament,The Senate,SO2,10792000
Parliament,The Senate,SO3,609000
Parliament,The Senate,SO4,3549000
Parliament,The Senate,SO5,849000
Parliament,The Senate,SO6,549000
Parliament,The Senate,SO7,728000
Parliament,The Senate,SO9,939000
Parliament,The Senate,SO10,419000
Parliament,House of Commons,SO1,329085000
Parliament,House of Commons,SO2,41948000
Parliament,House of Commons,SO3,6417000
Parliament,House of Commons,SO4,15583000
Parliament,House of Commons,SO5,10555000
Parliament,House of Commons,SO6,5765000
Parliament,House of Commons,SO7,7204000
Parliament,House of Commons,SO9,13418000
Parliament,House of Commons,SO10,870000
Parliament,Library of Parliament,SO1,37696000
Parliament,Library of Parliament,SO2,602000
Parliament,Library of Parliament,SO3,528000
Parliament,Library of Parliament,SO4,2584000
Parliament,Library of Parliament,SO5,621000
Parliament,Library of Parliament,SO6,47000
Parliament,Library of Parliament,SO7,2350000
Parliament,Library of Parliament,SO9,733000
Parliament,Office of the Conflict of Interest and Ethics Commissioner,SO1,5345000
Parliament,Office of the Conflict of Interest and Ethics Commissioner,SO2,41000
Parliament,Office of the Conflict of Interest and Ethics Commissioner,SO3,6000
Parliament,Office of the Conflict of Interest and Ethics Commissioner,SO4,602000
Parliament,Office of the Conflict of Interest and Ethics Commissioner,SO5,53000
Parliament,Office of the Conflict of Interest and Ethics Commissioner,SO6,20000
Parliament,Office of the Conflict of Interest and Ethics Commissioner,SO7,32000
Parliament,Office of the Conflict of Interest and Ethics Commissioner,SO9,354000
Parliament,Senate Ethics Officer,SO1,594000
Parliament,Senate Ethics Officer,SO2,11000
Parliament,Senate Ethics Officer,SO4,27000
Parliament,Senate Ethics Officer,SO5,10000
Parliament,Senate Ethics Officer,SO7,5000
Parliament,Senate Ethics Officer,SO9,3000
Privy Council,Privy Council Department,SO1,109287000
Privy Council,Privy Council Department,SO2,2883000
Privy Council,Privy Council Department,SO3,2725000
Privy Council,Privy Council Department,SO4,9619000
Privy Council,Privy Council Department,SO5,1426000
Privy Council,Privy Council Department,SO6,597000
Privy Council,Privy Council Department,SO7,881000
Privy Council,Privy Council Department,SO9,2663000
Privy Council,Privy Council Department,SO10,44000
Privy Council,Canadian Intergovernmental Conference Secretariat,SO1,2839000
Privy Council,Canadian Intergovernmental Conference Secretariat,SO2,602000
Privy Council,Canadian Intergovernmental Conference Secretariat,SO3,37000
Privy Council,Canadian Intergovernmental Conference Secretariat,SO4,1016000
Privy Council,Canadian Intergovernmental Conference Secretariat,SO5,434000
Privy Council,Canadian Intergovernmental Conference Secretariat,SO6,23000
Privy Council,Canadian Intergovernmental Conference Secretariat,SO7,24000
Privy Council,Canadian Intergovernmental Conference Secretariat,SO9,181000
Privy Council,Canadian Transportation Accident Investigation and Safety Board,SO1,25422000
Privy Council,Canadian Transportation Accident Investigation and Safety Board,SO2,1613000
Privy Council,Canadian Transportation Accident Investigation and Safety Board,SO3,206000
Privy Council,Canadian Transportation Accident Investigation and Safety Board,SO4,2403000
Privy Council,Canadian Transportation Accident Investigation and Safety Board,SO5,315000
Privy Council,Canadian Transportation Accident Investigation and Safety Board,SO6,406000
Privy Council,Canadian Transportation Accident Investigation and Safety Board,SO7,295000
Privy Council,Canadian Transportation Accident Investigation and Safety Board,SO8,204000
Privy Council,Canadian Transportation Accident Investigation and Safety Board,SO9,697000
Privy Council,Chief Electoral Officer,SO1,49534000
Privy Council,Chief Electoral Officer,SO2,3718000
Privy Council,Chief Electoral Officer,SO3,3646000
Privy Council,Chief Electoral Officer,SO4,23862000
Privy Council,Chief Electoral Officer,SO5,4287000
Privy Council,Chief Electoral Officer,SO6,3265000
Privy Council,Chief Electoral Officer,SO7,363000
Privy Council,Chief Electoral Officer,SO8,3937000
Privy Council,Chief Electoral Officer,SO9,2824000
Privy Council,Chief Electoral Officer,SO10,24322000
Privy Council,Office of the Commissioner of Official Languages,SO1,16347000
Privy Council,Office of the Commissioner of Official Languages,SO2,697000
Privy Council,Office of the Commissioner of Official Languages,SO3,213000
Privy Council,Office of the Commissioner of Official Languages,SO4,2945000
Privy Council,Office of the Commissioner of Official Languages,SO5,332000
Privy Council,Office of the Commissioner of Official Languages,SO6,106000
Privy Council,Office of the Commissioner of Official Languages,SO7,137000
Privy Council,Office of the Commissioner of Official Languages,SO9,357000
Privy Council,Security Intelligence Review Committee,SO1,2049000
Privy Council,Security Intelligence Review Committee,SO2,218000
Privy Council,Security Intelligence Review Committee,SO3,44000
Privy Council,Security Intelligence Review Committee,SO4,491000
Privy Council,Security Intelligence Review Committee,SO5,26000
Privy Council,Security Intelligence Review Committee,SO6,4000
Privy Council,Security Intelligence Review Committee,SO7,24000
Privy Council,Security Intelligence Review Committee,SO9,45000
Public Safety and Emergency Preparedness,Public Safety and Emergency Preparedness Department,SO1,111917000
Public Safety and Emergency Preparedness,Public Safety and Emergency Preparedness Department,SO2,4559000
Public Safety and Emergency Preparedness,Public Safety and Emergency Preparedness Department,SO3,2287000
Public Safety and Emergency Preparedness,Public Safety and Emergency Preparedness Department,SO4,18791000
Public Safety and Emergency Preparedness,Public Safety and Emergency Preparedness Department,SO5,4524000
Public Safety and Emergency Preparedness,Public Safety and Emergency Preparedness Department,SO6,1153000
Public Safety and Emergency Preparedness,Public Safety and Emergency Preparedness Department,SO7,707000
Public Safety and Emergency Preparedness,Public Safety and Emergency Preparedness Department,SO8,2906000
Public Safety and Emergency Preparedness,Public Safety and Emergency Preparedness Department,SO9,4716000
Public Safety and Emergency Preparedness,Public Safety and Emergency Preparedness Department,SO10,434902000
Public Safety and Emergency Preparedness,Canada Border Services Agency,SO1,1326924000
Public Safety and Emergency Preparedness,Canada Border Services Agency,SO2,50601000
Public Safety and Emergency Preparedness,Canada Border Services Agency,SO3,1338000
Public Safety and Emergency Preparedness,Canada Border Services Agency,SO4,210995000
Public Safety and Emergency Preparedness,Canada Border Services Agency,SO5,9302000
Public Safety and Emergency Preparedness,Canada Border Services Agency,SO6,21855000
Public Safety and Emergency Preparedness,Canada Border Services Agency,SO7,18587000
Public Safety and Emergency Preparedness,Canada Border Services Agency,SO8,33640000
Public Safety and Emergency Preparedness,Canada Border Services Agency,SO9,34393000
Public Safety and Emergency Preparedness,Canadian Security Intelligence Service,SO1,324430000
Public Safety and Emergency Preparedness,Correctional Service of Canada,SO1,1706086000
Public Safety and Emergency Preparedness,Correctional Service of Canada,SO2,32152000
Public Safety and Emergency Preparedness,Correctional Service of Canada,SO3,872000
Public Safety and Emergency Preparedness,Correctional Service of Canada,SO4,314412000
Public Safety and Emergency Preparedness,Correctional Service of Canada,SO5,20521000
Public Safety and Emergency Preparedness,Correctional Service of Canada,SO6,27424000
Public Safety and Emergency Preparedness,Correctional Service of Canada,SO7,130621000
Public Safety and Emergency Preparedness,Correctional Service of Canada,SO8,378075000
Public Safety and Emergency Preparedness,Correctional Service of Canada,SO9,43810000
Public Safety and Emergency Preparedness,Correctional Service of Canada,SO10,844000
Public Safety and Emergency Preparedness,National Parole Board,SO1,43688000
Public Safety and Emergency Preparedness,National Parole Board,SO2,2811000
Public Safety and Emergency Preparedness,National Parole Board,SO3,295000
Public Safety and Emergency Preparedness,National Parole Board,SO4,3229000
Public Safety and Emergency Preparedness,National Parole Board,SO5,248000
Public Safety and Emergency Preparedness,National Parole Board,SO6,277000
Public Safety and Emergency Preparedness,National Parole Board,SO7,311000
Public Safety and Emergency Preparedness,National Parole Board,SO9,1061000
Public Safety and Emergency Preparedness,Office of the Correctional Investigator,SO1,3632000
Public Safety and Emergency Preparedness,Office of the Correctional Investigator,SO2,286000
Public Safety and Emergency Preparedness,Office of the Correctional Investigator,SO3,72000
Public Safety and Emergency Preparedness,Office of the Correctional Investigator,SO4,451000
Public Safety and Emergency Preparedness,Office of the Correctional Investigator,SO5,18000
Public Safety and Emergency Preparedness,Office of the Correctional Investigator,SO6,30000
Public Safety and Emergency Preparedness,Office of the Correctional Investigator,SO7,39000
Public Safety and Emergency Preparedness,Office of the Correctional Investigator,SO9,48000
Public Safety and Emergency Preparedness,Royal Canadian Mounted Police,SO1,3440898000
Public Safety and Emergency Preparedness,Royal Canadian Mounted Police,SO2,160396000
Public Safety and Emergency Preparedness,Royal Canadian Mounted Police,SO3,2361000
Public Safety and Emergency Preparedness,Royal Canadian Mounted Police,SO4,459237000
Public Safety and Emergency Preparedness,Royal Canadian Mounted Police,SO5,98874000
Public Safety and Emergency Preparedness,Royal Canadian Mounted Police,SO6,86332000
Public Safety and Emergency Preparedness,Royal Canadian Mounted Police,SO7,123242000
Public Safety and Emergency Preparedness,Royal Canadian Mounted Police,SO8,68813000
Public Safety and Emergency Preparedness,Royal Canadian Mounted Police,SO9,216263000
Public Safety and Emergency Preparedness,Royal Canadian Mounted Police,SO10,149966000
Public Safety and Emergency Preparedness,Royal Canadian Mounted Police External Review Committee,SO1,1091000
Public Safety and Emergency Preparedness,Royal Canadian Mounted Police External Review Committee,SO2,27000
Public Safety and Emergency Preparedness,Royal Canadian Mounted Police External Review Committee,SO3,32000
Public Safety and Emergency Preparedness,Royal Canadian Mounted Police External Review Committee,SO4,428000
Public Safety and Emergency Preparedness,Royal Canadian Mounted Police External Review Committee,SO5,3000
Public Safety and Emergency Preparedness,Royal Canadian Mounted Police External Review Committee,SO7,14000
Public Safety and Emergency Preparedness,Royal Canadian Mounted Police External Review Committee,SO9,1000
Public Safety and Emergency Preparedness,Royal Canadian Mounted Police Public Complaints Commission,SO1,5968000
Public Safety and Emergency Preparedness,Royal Canadian Mounted Police Public Complaints Commission,SO2,244000
Public Safety and Emergency Preparedness,Royal Canadian Mounted Police Public Complaints Commission,SO3,10000
Public Safety and Emergency Preparedness,Royal Canadian Mounted Police Public Complaints Commission,SO4,1180000
Public Safety and Emergency Preparedness,Royal Canadian Mounted Police Public Complaints Commission,SO5,86000
Public Safety and Emergency Preparedness,Royal Canadian Mounted Police Public Complaints Commission,SO6,58000
Public Safety and Emergency Preparedness,Royal Canadian Mounted Police Public Complaints Commission,SO7,83000
Public Safety and Emergency Preparedness,Royal Canadian Mounted Police Public Complaints Commission,SO9,382000
Public Works and Government Services,Public Works and Government Services Department,SO1,1134167000
Public Works and Government Services,Public Works and Government Services Department,SO2,86427000
Public Works and Government Services,Public Works and Government Services Department,SO3,10537000
Public Works and Government Services,Public Works and Government Services Department,SO4,1505230000
Public Works and Government Services,Public Works and Government Services Department,SO5,1165881000
Public Works and Government Services,Public Works and Government Services Department,SO6,947995000
Public Works and Government Services,Public Works and Government Services Department,SO7,243217000
Public Works and Government Services,Public Works and Government Services Department,SO8,349105000
Public Works and Government Services,Public Works and Government Services Department,SO9,73426000
Public Works and Government Services,Public Works and Government Services Department,SO10,4429000
Public Works and Government Services,Shared Services Canada,SO1,612626000
Public Works and Government Services,Shared Services Canada,SO2,488523000
Public Works and Government Services,Shared Services Canada,SO3,1822000
Public Works and Government Services,Shared Services Canada,SO4,173388000
Public Works and Government Services,Shared Services Canada,SO5,210814000
Public Works and Government Services,Shared Services Canada,SO6,67411000
Public Works and Government Services,Shared Services Canada,SO7,9446000
Public Works and Government Services,Shared Services Canada,SO9,185661000
Transport,Transport Department,SO1,505410000
Transport,Transport Department,SO2,21621000
Transport,Transport Department,SO3,2860000
Transport,Transport Department,SO4,106735000
Transport,Transport Department,SO5,8643000
Transport,Transport Department,SO6,13496000
Transport,Transport Department,SO7,15964000
Transport,Transport Department,SO8,37963000
Transport,Transport Department,SO9,18242000
Transport,Transport Department,SO10,607972000
Transport,Canadian Transportation Agency,SO1,24726000
Transport,Canadian Transportation Agency,SO2,574000
Transport,Canadian Transportation Agency,SO3,457000
Transport,Canadian Transportation Agency,SO4,1605000
Transport,Canadian Transportation Agency,SO5,570000
Transport,Canadian Transportation Agency,SO6,45000
Transport,Canadian Transportation Agency,SO7,225000
Transport,Canadian Transportation Agency,SO9,499000
Transport,Office of Infrastructure of Canada,SO1,35265000
Transport,Office of Infrastructure of Canada,SO2,483000
Transport,Office of Infrastructure of Canada,SO3,281000
Transport,Office of Infrastructure of Canada,SO4,7903000
Transport,Office of Infrastructure of Canada,SO5,4906000
Transport,Office of Infrastructure of Canada,SO6,9000
Transport,Office of Infrastructure of Canada,SO7,74000
Transport,Office of Infrastructure of Canada,SO9,208000
Transport,Office of Infrastructure of Canada,SO10,3702236000
Transport,Transportation Appeal Tribunal of Canada,SO1,855000
Transport,Transportation Appeal Tribunal of Canada,SO2,114000
Transport,Transportation Appeal Tribunal of Canada,SO4,544000
Transport,Transportation Appeal Tribunal of Canada,SO5,24000
Transport,Transportation Appeal Tribunal of Canada,SO6,6000
Transport,Transportation Appeal Tribunal of Canada,SO7,27000
Transport,Transportation Appeal Tribunal of Canada,SO9,15000
Treasury Board,Treasury Board Secretariat,SO1,3103322000
Treasury Board,Treasury Board Secretariat,SO2,2582000
Treasury Board,Treasury Board Secretariat,SO3,386000
Treasury Board,Treasury Board Secretariat,SO4,87364000
Treasury Board,Treasury Board Secretariat,SO5,2297000
Treasury Board,Treasury Board Secretariat,SO6,1235000
Treasury Board,Treasury Board Secretariat,SO7,856000
Treasury Board,Treasury Board Secretariat,SO9,4647000
Treasury Board,Treasury Board Secretariat,SO10,615000
Treasury Board,Canada School of Public Service,SO1,69684000
Treasury Board,Canada School of Public Service,SO2,1961000
Treasury Board,Canada School of Public Service,SO3,846000
Treasury Board,Canada School of Public Service,SO4,20935000
Treasury Board,Canada School of Public Service,SO5,2027000
Treasury Board,Canada School of Public Service,SO6,85000
Treasury Board,Canada School of Public Service,SO7,642000
Treasury Board,Canada School of Public Service,SO9,975000
Treasury Board,Office of the Commissioner of Lobbying,SO1,2989000
Treasury Board,Office of the Commissioner of Lobbying,SO2,59000
Treasury Board,Office of the Commissioner of Lobbying,SO3,26000
Treasury Board,Office of the Commissioner of Lobbying,SO4,1578000
Treasury Board,Office of the Commissioner of Lobbying,SO5,52000
Treasury Board,Office of the Commissioner of Lobbying,SO7,14000
Treasury Board,Office of the Commissioner of Lobbying,SO9,28000
Treasury Board,Office of the Public Sector Integrity Commissioner,SO1,3961000
Treasury Board,Office of the Public Sector Integrity Commissioner,SO2,85000
Treasury Board,Office of the Public Sector Integrity Commissioner,SO3,98000
Treasury Board,Office of the Public Sector Integrity Commissioner,SO4,1080000
Treasury Board,Office of the Public Sector Integrity Commissioner,SO5,196000
Treasury Board,Office of the Public Sector Integrity Commissioner,SO6,4000
Treasury Board,Office of the Public Sector Integrity Commissioner,SO7,28000
Treasury Board,Office of the Public Sector Integrity Commissioner,SO8,7000
Treasury Board,Office of the Public Sector Integrity Commissioner,SO9,39000
Treasury Board,Office of the Public Sector Integrity Commissioner,SO10,45000
Veterans Affairs,Veterans Affairs Department,SO1,295941000
Veterans Affairs,Veterans Affairs Department,SO2,26955000
Veterans Affairs,Veterans Affairs Department,SO3,4761000
Veterans Affairs,Veterans Affairs Department,SO4,369058000
Veterans Affairs,Veterans Affairs Department,SO5,7072000
Veterans Affairs,Veterans Affairs Department,SO6,7497000
Veterans Affairs,Veterans Affairs Department,SO7,181657000
Veterans Affairs,Veterans Affairs Department,SO8,2453000
Veterans Affairs,Veterans Affairs Department,SO9,6584000
Veterans Affairs,Veterans Affairs Department,SO10,2578929000
Veterans Affairs,Veterans Review and Appeal Board,SO1,10447000
Veterans Affairs,Veterans Review and Appeal Board,SO2,909000
Veterans Affairs,Veterans Review and Appeal Board,SO4,355000
Veterans Affairs,Veterans Review and Appeal Board,SO5,20000
Veterans Affairs,Veterans Review and Appeal Board,SO6,44000
Veterans Affairs,Veterans Review and Appeal Board,SO7,73000
Veterans Affairs,Veterans Review and Appeal Board,SO9,115000
Western Economic Diversification,Western Economic Diversification,SO1,40427000
Western Economic Diversification,Western Economic Diversification,SO2,1345000
Western Economic Diversification,Western Economic Diversification,SO3,254000
Western Economic Diversification,Western Economic Diversification,SO4,4207000
Western Economic Diversification,Western Economic Diversification,SO5,1406000
Western Economic Diversification,Western Economic Diversification,SO6,43000
Western Economic Diversification,Western Economic Diversification,SO7,261000
Western Economic Diversification,Western Economic Diversification,SO9,292000
Western Economic Diversification,Western Economic Diversification,SO10,135484000
